[{
  "_id": {
    "$oid": "5e820cbbc7094d7e2658271d"
  },
  "text": "Hey! How's quarantine going?",
  "date": {
    "$date": "2020-03-30T15:14:03.009Z"
  },
  "author_nickname": "nkushnir",
  "comments": [
    {
      "text": "quite productive but boring",
      "date": {
        "$date": "2020-03-30T17:21:14.936Z"
      },
      "author_nickname": "ivynavskiy2"
    },
    {
      "text": "Pretty good",
      "date": {
        "$date": "2020-04-13T06:59:48.189Z"
      },
      "author_nickname": "anastasia25"
    }
  ],
  "_class": "com.edu.lnu.mongoDbPpoject.model.Post"
},{
  "_id": {
    "$oid": "5ec123604f2fbf4002b49f88"
  },
  "text": "Heeey! What are you doing guys?",
  "date": {
    "$date": "2020-05-17T11:43:28.020Z"
  },
  "author_nickname": "nmazurak",
  "_class": "com.edu.lnu.mongoDbPpoject.model.Post"
},{
  "_id": {
    "$oid": "5ec19d864313ab0980f97147"
  },
  "text": "Hey! Checkout my connectons!",
  "date": {
    "$date": "2020-05-17T20:24:38.807Z"
  },
  "author_nickname": "romakun",
  "_class": "com.edu.lnu.mongoDbPpoject.model.Post"
},{
  "_id": {
    "$oid": "5ec19df84313ab0980f97148"
  },
  "text": "Hey yo! Check my common friends!",
  "date": {
    "$date": "2020-05-17T20:26:32.118Z"
  },
  "author_nickname": "ivynavskiy",
  "comments": [
    {
      "text": "Ivan, check my new connections!",
      "date": {
        "$date": "2020-05-17T20:27:32.693Z"
      },
      "author_nickname": "romchuk"
    }
  ],
  "_class": "com.edu.lnu.mongoDbPpoject.model.Post"
},{
  "_id": {
    "$oid": "5ec19e464313ab0980f97149"
  },
  "text": "Yo! Check my connections!",
  "date": {
    "$date": "2020-05-17T20:27:50.701Z"
  },
  "author_nickname": "romchuk",
  "_class": "com.edu.lnu.mongoDbPpoject.model.Post"
},{
  "_id": {
    "$oid": "5ec223f3a94c562b0d7f084e"
  },
  "text": "Hey! I don't have friends, so follow me , please!",
  "date": {
    "$date": "2020-05-18T05:58:11.927Z"
  },
  "author_nickname": "olesia23",
  "_class": "com.edu.lnu.mongoDbPpoject.model.Post"
},{
  "_id": {
    "$oid": "5ec22b2b8844f16b9c3a9218"
  },
  "text": "Hey! Checkout my connections!",
  "date": {
    "$date": "2020-05-18T06:28:59.429Z"
  },
  "author_nickname": "Dyshkant25",
  "_class": "com.edu.lnu.mongoDbPpoject.model.Post"
}]