{"_id":{"$oid":"5e820cbbc7094d7e2658271d"},"text":"Hey! How's quarantine going?","date":{"$date":{"$numberLong":"1585581243009"}},"author_nickname":"nkushnir","comments":[{"text":"quite productive but boring","date":{"$date":{"$numberLong":"1585588874936"}},"author_nickname":"ivynavskiy2"}],"_class":"com.edu.lnu.mongoDbPpoject.model.Post"}
{"_id":{"$oid":"5e82259d62b83f55cab7902e"},"text":"Choose your bird!","date":{"$date":{"$numberLong":"1585587613804"}},"author_nickname":"ivynavskiy2","_class":"com.edu.lnu.mongoDbPpoject.model.Post"}
{"_id":{"$oid":"5e8ef11bf20c78312c1a2d01"},"text":"Happy Easter!","date":{"$date":{"$numberLong":"1586426139601"}},"author_nickname":"ivynavskiy2","_class":"com.edu.lnu.mongoDbPpoject.model.Post"}
